ID,Фамилия,Электронная почта,Дата регистрации,Сайт
2020,urangel,urangel@espinoza-francis.net,2020-08-26,http://www.escobar.org/
08,espinoza,xreese@hall-donovan.com,2020-04-27,https://tyler-pugh.info/
26,francis,haleybraun@blevins-sexton.com,2022-03-22,https://www.mack-bell.net/
1,net Callahan,hohailey@anthony.com,2020-07-02,https://delacruz-freeman.org/
2020,http,alvaradojesse@rangel-shields.com,2021-01-17,https://welch.info/
04,www,briangriffin@chang.org,2021-08-13,https://www.roberts.com/
27,escobar,bauergerald@morrison.com,2020-04-09,http://www.holt.com/
2,org,changkellie@howell.com,2021-04-02,http://carlson.com/
3,xreese,mayerjerome@hurst-graham.net,2020-11-26,https://www.glenn-snow.com/
2022,hall,kentryan@stone-oneill.com,2021-06-29,http://ruiz.com/
03,donovan,danielbuckley@hatfield.info,2021-05-02,https://www.newman.com/
22,com https,gabrielaleach@rose.net,2021-04-07,https://www.hoffman-rubio.com/
4,tyler,cartermallory@chung.com,2020-02-28,https://hinton.info/
2020,pugh,lweeks@hooper.org,2022-03-03,https://bush-huynh.org/
07,info,calhounalisha@hardin.net,2021-03-30,https://barker-bishop.info/
02,Ferrell,ypayne@gaines.biz,2020-08-09,https://figueroa.com/
2021,https,nwu@brady-chen.com,2021-05-21,http://www.callahan.net/
01,www,harold11@mullen.org,2021-06-02,http://www.mclaughlin-hubbard.net/
17,mack,andrewsanders@marks.com,2021-04-17,http://www.myers.com/
5,bell,amy99@booker.com,2020-12-30,http://www.larsen-floyd.biz/
6,net,basschristian@faulkner.com,2020-01-01,https://chavez.com/
2021,Andersen haleybraun,ldelacruz@spence.com,2021-06-27,https://www.norman.org/
08,blevins,hayleyritter@price.net,2020-05-19,http://www.moyer.com/
13,sexton,yhebert@hays-rivera.com,2020-01-23,http://young.com/
7,com,austinhobbs@briggs.com,2020-09-05,http://huerta-cordova.info/
2020,https,zramos@haney.org,2020-03-06,http://www.allison-clements.com/
04,delacruz,shelley82@jarvis.com,2021-06-17,http://www.larsen.org/
09,freeman,sharigriffin@cameron.com,2020-11-15,https://quinn.biz/
8,org,rpace@huynh.com,2021-03-01,http://www.macdonald-lyons.com/
2021,Ponce,emullins@simpson-christensen.com,2021-09-02,http://www.guerra-armstrong.com/
04,hohailey,patricialeach@hernandez.biz,2020-07-06,http://www.barajas-hendrix.com/
02,anthony,mindy15@fuentes.org,2020-07-15,http://perkins.com/
2020,com alvaradojesse,jake39@little.com,2022-01-02,https://mckee-hill.net/
11,rangel,mhudson@hardin.com,2021-03-09,https://www.bray.com/
26,shields,nlane@kane-pennington.com,2022-05-03,https://www.tran.net/
9,com,savannah10@simpson.com,2021-03-17,https://www.velazquez-wright.com/
2021,https,cristian16@hill-beard.com,2021-01-12,https://www.frederick.com/
06,welch,jasmineaustin@whitehead.info,2020-01-14,https://www.graves.info/
29,info,samuel97@wyatt.com,2020-10-29,https://www.schmitt.com/
10,Mccormick https,karlgarrett@fischer.biz,2020-03-02,http://www.nicholson.org/
11,www,biancahenry@hernandez.org,2021-06-11,http://www.gates.net/
2021,roberts,marisa13@hickman.com,2022-02-12,https://www.gillespie.biz/
05,com,billymorris@lambert-irwin.com,2020-02-13,http://www.zhang.com/
02,Lee,barry91@howe.info,2020-05-10,https://www.davenport.com/
12,briangriffin,kdavies@owen-humphrey.info,2021-01-04,http://www.grimes-summers.com/
2021,chang,gregghendricks@conner-weiss.info,2020-09-24,http://harris.net/
04,org,alfredbradford@perry.com,2022-04-17,https://www.delacruz.com/
07,Hoffman http,ngilmore@bush.net,2021-12-25,https://www.tyler.com/
13,www,vgilbert@romero.biz,2020-06-23,https://www.long-hickman.com/
2020,holt,dgould@graham-winters.com,2021-10-06,https://johns-sharp.com/
02,com,fsuarez@cooper-montes.biz,2021-10-21,http://mcgrath.org/
28,bauergerald,natasha83@delacruz-edwards.com,2020-01-26,https://spencer.com/
14,morrison,mbonilla@hampton.com,2020-01-22,https://www.lindsey.org/
2022,com,basskaylee@lynn-gill.biz,2021-08-19,https://www.leblanc.com/
03,http,lfaulkner@villanueva.com,2022-05-12,https://giles-newton.com/
03,carlson,maystiffany@davidson.com,2022-04-21,https://richmond.com/
15,com,katie69@romero.net,2020-11-12,https://nolan.com/
2021,changkellie,valerie35@olsen.com,2020-10-11,http://www.fernandez-fisher.com/
03,howell,ivanhiggins@charles-estrada.com,2021-09-30,https://www.mcneil.com/
30,com Wiggins,xcallahan@cantu.com,2021-06-26,https://www.nguyen.com/
16,Payne https,melvindrake@friedman-bradley.com,2021-10-22,https://www.cain-allen.com/
2020,www,carpentergary@vance-weeks.com,2022-03-03,https://www.snow.org/
08,glenn,duartejohnathan@pennington.com,2020-09-02,https://www.knight.net/
09,snow,zbrock@blevins-payne.com,2020-03-10,http://www.rush.biz/
17,com,phelpsandres@hartman-cooper.org,2021-03-15,http://www.levine.com/
2021,mayerjerome,nataliefarley@richardson.com,2021-10-05,http://carrillo.com/
05,hurst,daisyblair@walsh-holmes.org,2021-12-05,https://www.trevino.info/
21,graham,thomasnicholas@blankenship-ford.com,2021-09-26,https://www.wagner.org/
2021,net http,hburke@duke-mcmahon.com,2020-12-05,https://www.copeland.org/
06,ruiz,lonnielittle@hoffman-meadows.com,2020-03-15,http://moyer.com/
02,com,qmcdaniel@cruz.net,2020-12-20,https://www.acevedo-macdonald.net/
18,kentryan,austinvang@glenn.com,2021-06-22,https://deleon.com/
19,stone,shortfrederick@cobb.net,2020-01-12,https://www.roach.com/
2021,oneill,yolanda69@rosario.com,2022-01-09,http://www.blankenship.com/
04,com,michaela80@russell.com,2020-07-21,http://www.terrell.com/
17,Franco,ashley39@garrison.com,2020-02-26,https://www.rodgers.biz/
20,Hawkins,alan50@hobbs.info,2021-09-13,https://valdez-li.org/
2020,https,hsantos@lopez.info,2020-05-21,http://whitehead.info/
12,www,robbinsgordon@dyer-kim.info,2021-09-29,http://barr-salas.org/
30,newman,meghanfernandez@patel-todd.com,2020-11-02,http://schaefer.com/
2020,com,gabrielarobbins@hawkins-bernard.com,2020-09-05,http://www.benson-keller.com/
01,danielbuckley,qlarson@berry.biz,2021-09-24,http://www.potts-conrad.com/
01,hatfield,hmorgan@olson.com,2020-04-30,https://ibarra.com/
21,info gabrielaleach,charlottemercer@hensley.net,2020-12-12,http://watson-frye.org/
22,rose,escobarisabella@harrell-santiago.info,2020-10-13,https://kirk-skinner.com/
2021,net Shaffer,jessica36@hart.com,2021-08-17,https://www.mccormick.biz/
06,https,ellen80@bonilla.com,2020-10-22,http://jefferson.com/
27,www,chavezrandall@mckinney-stafford.net,2020-05-27,https://www.anthony.net/
23,hoffman,gravesgrace@molina.org,2020-06-23,http://wise-mendez.com/
2020,rubio,hhuerta@morris-case.info,2021-04-25,https://zimmerman.com/
05,com,ydavid@potter.com,2022-05-16,http://sampson-marshall.biz/
19,cartermallory,colealexander@turner.biz,2020-09-20,http://www.atkinson-may.com/
24,chung,carpenterkylie@chambers-frost.com,2021-02-11,http://henry.com/
2020,com,adrian55@gardner-gaines.com,2022-04-14,https://www.gutierrez-lloyd.com/
01,Moran https,bonillaalex@cervantes.org,2021-03-20,http://www.mayer.com/
23,hinton,maureen18@barr.org,2020-12-24,http://mccarty-meza.info/
25,info,ocole@sanders-lowery.net,2020-04-22,http://www.price.com/
2020,Hammond lweeks,spencerbright@powell.biz,2021-12-10,https://wall-reid.com/
09,hooper,dawncoffey@barker.com,2022-05-15,https://newton-esparza.net/
05,org,anthonyzuniga@tucker.com,2021-07-27,http://moran.com/
2020,https,carrillokenneth@bowman-montoya.com,2021-10-22,https://allison.info/
03,bush,mercedes11@floyd-hall.com,2021-07-24,https://bates-christian.biz/
06,huynh,dominguezparker@preston.net,2021-12-12,http://hill.com/
26,org,vernonrush@harvey.com,2020-06-30,http://www.hurst-johnston.info/
2021,https,samantha34@mccarthy.com,2020-04-11,https://hendrix-pittman.biz/
06,barker,joconnor@cooley.com,2021-07-09,https://jones.com/
17,bishop,toddmcmahon@beard-lambert.com,2021-01-24,http://hurley.org/
27,info,veronicablankenship@pace.com,2020-03-02,http://osborne.com/
28,calhounalisha,swarren@buck-roach.com,2020-06-24,https://frederick.com/
2020,hardin,garymelton@petersen-lam.org,2020-01-03,http://www.lawrence.biz/
11,net Blackwell,mathisgloria@house-hamilton.org,2020-07-05,https://silva.com/
15,ypayne,patrickfelicia@goodwin.org,2020-12-29,https://henson.net/
29,gaines,hortonmiguel@mays-rivers.org,2021-02-06,https://morse.org/
2021,biz,preston76@house.com,2020-08-07,https://valencia.com/
03,https,moneal@hudson.biz,2021-04-10,http://carpenter-estes.net/
01,figueroa,beckyshaw@bradley-booth.com,2021-07-23,http://cortez-cooper.com/
30,com,kanthony@osborne.com,2020-08-30,https://www.butler.info/
2021,Newton nwu,alexandraroy@juarez-kane.com,2020-05-23,http://james.org/
09,brady,ckhan@underwood.net,2020-03-25,https://www.chase.info/
02,chen,joe34@salazar.com,2022-05-13,https://www.duffy-coffey.biz/
2020,com Archer,vernon36@browning.info,2021-06-28,http://parrish.com/
07,http,pammorales@james-benjamin.net,2021-03-17,http://werner.org/
06,www,paulcastaneda@burke.com,2021-09-29,http://www.archer.com/
31,callahan,sarahpotts@bradford.com,2020-05-07,https://alvarado.com/
32,net,wwhite@perez.com,2021-09-12,https://www.kaufman-ho.com/
2020,mullen,orice@drake.com,2020-10-04,http://tapia-davis.com/
07,org Griffin,damon39@terrell.com,2020-02-13,http://www.drake.com/
15,http,watkinsevan@ward.biz,2021-12-20,https://www.rojas.net/
33,www,meredith05@lawrence-shaw.com,2020-06-17,https://hale-montes.com/
2022,mclaughlin,lacey04@cross.com,2021-10-28,http://www.nguyen-curry.com/
01,hubbard,travisfoley@brandt.com,2021-05-25,https://blake.net/
02,net,hmccarty@sharp.biz,2022-01-15,https://atkins.com/
34,http,alisonsanders@durham.com,2020-04-26,https://www.mack.biz/
2021,www,bjordan@small-black.com,2022-01-15,http://www.cordova.com/
03,myers,damonhowe@larsen.org,2021-07-15,https://newman.com/
09,com,tasha85@wilson.biz,2021-11-27,http://gray.com/
2022,Valencia andrewsanders,oneilldamon@spencer.com,2021-09-26,http://barr-faulkner.info/
05,marks,weaverclinton@zamora.org,2021-12-25,https://www.walton.biz/
03,com,xtapia@hensley.info,2022-04-25,https://patel.com/
35,Ramsey http,fenglish@warner.net,2021-11-18,https://www.wells-simon.info/
36,www,brendanbarrera@gill-thornton.info,2022-04-17,https://frey.com/
2021,larsen,peggy95@park.info,2021-05-18,https://www.donaldson-norman.com/
03,floyd,kerriray@owen-stone.info,2021-10-29,http://www.singleton.com/
17,biz,nichole45@michael.org,2021-09-19,https://www.thompson.org/
2021,booker,daltonrangel@prince.biz,2021-04-27,http://www.elliott-tyler.org/
01,com Meadows,vmyers@novak-delacruz.biz,2021-08-01,https://garner.net/
12,basschristian,weavermeagan@sampson.com,2020-03-02,https://fox.biz/
37,faulkner,hebertdarin@kidd.com,2020-03-22,http://www.small.com/
38,com,elizabethcopeland@morris-moss.info,2021-09-17,http://bautista.com/
2020,https,cannonshirley@carson-dorsey.com,2021-09-08,https://www.brock.com/
01,chavez,dana05@hester.net,2021-01-23,http://www.larson.com/
14,com,willie99@snyder.com,2021-09-08,http://sloan.info/
2020,Brock ldelacruz,lunakirsten@zimmerman-salinas.org,2020-06-15,https://howard-crawford.com/
10,spence,marthaguerra@anderson.com,2020-04-30,http://www.campos.org/
29,com,joanne07@pennington.com,2020-10-12,http://www.huffman.com/
39,https,jerry26@hudson-acevedo.net,2020-10-31,http://curry.com/
40,www,katie93@norris.biz,2020-08-27,https://www.whitehead.org/
2020,norman,gacosta@stephenson-tyler.biz,2020-03-31,http://www.best.com/
03,org,madisoncarey@spence-beck.info,2020-10-31,https://hinton.com/
02,http,kari95@henry.org,2021-01-31,https://weber.net/
2021,www,tiffany09@perkins.com,2021-05-27,http://wilcox.com/
06,moyer,davefarmer@neal-farrell.org,2022-01-13,http://www.walter.info/
11,com,lydiameyers@frederick.com,2020-06-24,http://www.escobar.com/
41,Pope,timothyrivera@wade-galloway.net,2020-09-18,https://www.bridges.biz/
2022,hayleyritter,harmonmadison@finley-clarke.net,2020-10-19,https://nash.info/
02,price,vincent58@norton.com,2021-02-08,https://www.mendez-duran.com/
12,net,brandibarker@peterson.net,2021-07-05,http://cantu.com/
42,Stanton,lindsayrocha@preston.org,2021-07-03,http://www.orozco.biz/
43,http,daniel75@hansen.com,2020-09-17,http://mitchell.com/
2020,young,eschultz@salas.com,2020-08-05,https://vincent.com/
02,com,perry87@nichols.biz,2021-10-12,https://molina.com/
13,yhebert,frederickmisty@carpenter-nielsen.net,2021-01-25,http://palmer-chan.org/
2020,hays,jodonnell@oliver.com,2021-05-18,http://www.medina.info/
05,rivera,ehampton@lopez-brandt.org,2021-03-16,https://www.butler.com/
10,com,evansstuart@griffin.org,2021-12-16,http://mata.com/
44,http,kristina23@carr-arias.com,2020-05-05,https://galvan-lucero.org/
45,huerta,gabriellanorton@robertson.org,2021-04-17,http://www.pena.com/
2021,cordova,lonnieguerra@cooke.com,2020-10-17,https://wallace.com/
01,info,cowandeanna@house.com,2020-11-24,http://frye.com/
04,austinhobbs,reginahancock@walker.org,2021-01-17,http://haney.biz/
2020,briggs,jasmin18@juarez-richmond.com,2021-04-25,http://lam-villanueva.com/
09,com Flynn,sandy44@thomas.com,2020-11-13,https://bradford.com/
24,http,gravesalisha@harrell.info,2021-11-24,https://www.li.biz/
46,www,bcole@stevens.com,2020-03-23,http://www.bernard-archer.info/
47,allison,jessica41@klein.biz,2020-10-19,http://www.meadows.org/
2022,clements,guymorrow@romero-owen.com,2020-06-14,https://www.horne.com/
04,com,manuel95@holden-franklin.com,2020-09-27,http://www.maldonado.com/
17,zramos,yreyes@rowe.com,2020-01-29,https://li.com/
2021,haney,russorussell@galloway.biz,2020-12-30,https://franklin.com/
12,org Williamson,craigwhitney@carrillo.info,2020-04-10,https://randolph.com/
25,jarvis,cwolf@arellano.com,2021-09-30,http://www.wise-horton.com/
48,com Calderon,bweaver@levy.info,2020-04-10,https://www.mccarty.biz/
2020,http,wflynn@andersen.com,2021-03-10,https://www.anderson.com/
06,www,pcannon@choi.com,2021-04-17,http://www.pacheco.com/
23,larsen,luis12@buck.com,2020-11-06,http://flynn-cameron.info/
49,org,fieldskelly@blackburn.biz,2020-03-22,http://macias-duffy.com/
50,sharigriffin,vwhite@peterson-gould.com,2022-03-17,https://www.lambert-smith.biz/
2021,cameron,cuevasgeorge@navarro-mcmahon.com,2022-03-24,https://mccarthy.com/
10,com https,breanna32@mayer.net,2020-12-31,https://www.jordan-phelps.org/
06,quinn,kwarner@barrera.org,2021-09-04,http://powers-bird.com/
2021,biz,sharpgreg@rubio-garrison.org,2021-03-01,https://www.stone.com/
10,Walton,usloan@harrington.com,2022-01-16,https://www.duncan.org/
21,rpace,ariana05@kelly-arellano.com,2021-01-10,http://www.conrad.com/
51,huynh,edward56@parks.biz,2020-10-02,http://jones.com/
2020,com http,gcollier@golden.com,2021-08-22,https://rhodes-hutchinson.org/
01,www,woodsdevin@maldonado.org,2020-05-17,https://www.wheeler-wong.com/
26,macdonald,mcbridekylie@mcdowell-christensen.com,2020-10-21,http://johnson.net/
52,lyons,rothkerry@atkins-porter.com,2021-08-04,http://www.miranda.info/
53,com,jerrygates@garner.net,2022-01-13,https://burnett.com/
2020,Mack,jack76@compton.com,2021-09-09,https://www.hunter.com/
01,Jacobson emullins,kaitlinbooth@hurley.com,2020-08-17,https://www.rhodes.biz/
22,simpson,hillterrance@gamble.info,2021-02-01,http://mccann.com/
54,christensen,mosleyross@lawrence.com,2021-01-28,http://www.weiss.com/
2021,com,malik63@frazier-nichols.biz,2022-03-03,http://www.gray.org/
08,http,luceromaxwell@wong.biz,2021-01-15,http://hodge-ramirez.com/
19,www,luis82@sparks.com,2020-07-05,http://www.butler.biz/
55,guerra,lauren64@faulkner-hood.info,2020-12-05,http://mckee.com/
2022,armstrong,elutz@medina-garcia.com,2021-05-11,https://www.payne.com/
05,com,knappalisha@franco.org,2020-03-01,http://www.robbins.biz/
12,patricialeach,yolanda40@rhodes.com,2020-05-03,http://www.murray-woodard.net/
56,hernandez,xortiz@gates.com,2021-12-17,https://beltran.com/
2022,biz Harper,obates@bennett-nicholson.net,2020-10-26,https://freeman-maddox.com/
04,http,sabrinaerickson@wise.info,2020-09-10,http://odom.info/
21,www,xrollins@mcfarland.com,2020-02-11,https://www.hood-decker.com/
57,barajas,yolanda53@thomas.info,2022-01-26,https://www.marshall.com/
2020,hendrix,lucas94@barrera.com,2021-02-16,https://booth-guzman.info/
11,com,wisediane@dean.com,2021-03-15,http://bowers-ashley.com/
12,fuentes,tonyaruiz@farmer.com,2020-03-27,http://www.hatfield.com/
2020,org,triciarichards@shelton.net,2021-03-30,http://www.hurley.com/
10,Mayer,philip88@carr.biz,2021-12-29,http://www.boyle-archer.net/
11,http,josephchaney@roach-rocha.info,2021-07-13,https://www.huff.com/
58,perkins,shanecuevas@terry.com,2020-10-01,http://rubio.com/
59,com,aserrano@webb.org,2021-03-02,http://gordon.org/
2021,Owens,ericksoncheyenne@taylor.com,2020-10-09,https://harris-houston.biz/
09,https,dorothy66@howe-kim.com,2022-05-10,https://suarez.com/
30,mckee,oscar33@holden-morrow.com,2022-03-23,https://maynard-madden.net/
2021,hill,jacobskurt@dalton-small.com,2020-12-18,http://www.mathews.com/
06,net,iosborn@brady.com,2020-11-08,http://levine-francis.com/
26,little,walterfrye@good-boyer.com,2020-04-12,http://christian.com/
60,com,samuelwelch@reid.net,2020-08-17,https://bush.com/
2021,https,wcole@bell.info,2021-10-18,https://www.roth-haney.com/
10,www,miguelmathis@crawford.info,2022-05-03,https://burnett.com/
22,bray,romeroangie@cunningham.org,2021-01-26,https://www.jennings-mann.com/
61,com,vbooker@donovan-stokes.info,2021-12-09,https://greene-goodman.info/
62,Davies,cheyenne64@solomon.net,2021-04-29,http://terrell.biz/
2022,mhudson,rmcfarland@shelton.com,2021-11-17,https://www.pearson-wallace.biz/
03,hardin,tammyspence@day.org,2020-03-28,https://www.haley.info/
03,com Cruz,joanna47@davidson.org,2020-05-07,https://www.cochran-cook.com/
2020,nlane,jeffrey24@douglas-landry.com,2021-05-01,http://www.hardin-duran.org/
09,kane,burnettrebecca@brewer.info,2021-02-01,http://www.tyler-sosa.biz/
02,pennington,,,
63,com,,,
2020,https,,,
03,www,,,
10,tran,,,
64,net,,,
2021,Hubbard https,,,
03,www,,,
15,velazquez,,,
65,wright,,,
66,com,,,
2021,simpson,,,
10,com,,,
05,https,,,
67,www,,,
2021,frederick,,,
12,com,,,
05,hill,,,
68,beard,,,
2021,com Bennett,,,
09,jasmineaustin,,,
26,whitehead,,,
69,info https,,,
2020,www,,,
12,graves,,,
05,info,,,
70,Hansen,,,
2020,Foster,,,
03,wyatt,,,
15,com,,,
2020,https,,,
12,www,,,
20,schmitt,,,
71,com,,,
2021,karlgarrett,,,
06,fischer,,,
22,biz,,,
72,http,,,
2020,www,,,
01,nicholson,,,
12,org,,,
73,Medina http,,,
2022,www,,,
01,gates,,,
09,net,,,
74,biancahenry,,,
2020,hernandez,,,
07,org,,,
21,Santana,,,
75,hickman,,,
76,com Moreno,,,
2020,https,,,
02,www,,,
26,gillespie,,,
77,biz,,,
2021,Bush,,,
09,http,,,
13,www,,,
78,zhang,,,
2020,com,,,
05,billymorris,,,
21,lambert,,,
2021,irwin,,,
09,com,,,
29,howe,,,
79,info Davenport,,,
2020,https,,,
11,www,,,
02,davenport,,,
80,com,,,
2020,kdavies,,,
09,owen,,,
05,humphrey,,,
81,info,,,
2021,http,,,
09,www,,,
24,grimes,,,
82,summers,,,
2020,com,,,
04,Terry,,,
30,gregghendricks,,,
83,conner,,,
84,weiss,,,
2020,info http,,,
12,harris,,,
12,net,,,
85,Esparza alfredbradford,,,
2020,perry,,,
10,com https,,,
13,www,,,
86,delacruz,,,
2021,com,,,
08,Richard Moore,,,
17,https,,,
87,www,,,
2020,tyler,,,
10,com,,,
22,ngilmore,,,
2020,bush,,,
05,net Gillespie,,,
27,https,,,
88,www,,,
89,long,,,
2020,hickman,,,
06,com,,,
23,vgilbert,,,
90,romero,,,
2021,biz https,,,
04,johns,,,
25,sharp,,,
91,com,,,
2022,dgould,,,
05,graham,,,
16,winters,,,
92,com Lin,,,
2020,http,,,
09,mcgrath,,,
20,org,,,
2021,Thomas fsuarez,,,
02,cooper,,,
11,montes,,,
93,biz,,,
94,delacruz,,,
2022,edwards,,,
04,com https,,,
14,spencer,,,
95,com,,,
2021,Fischer,,,
03,West,,,
20,https,,,
96,www,,,
2020,lindsey,,,
12,org,,,
24,mbonilla,,,
2020,hampton,,,
04,com basskaylee,,,
22,lynn,,,
97,gill,,,
98,biz Morton,,,
2021,https,,,
12,www,,,
10,leblanc,,,
2022,com,,,
05,Guerra lfaulkner,,,
15,villanueva,,,
99,com,,,
100,https,,,
2021,giles,,,
07,newton,,,
27,com,,,
2021,maystiffany,,,
10,davidson,,,
22,com Shelton,,,
101,https,,,
2021,richmond,,,
07,com,,,
24,https,,,
102,nolan,,,
2021,com,,,
12,Meza,,,
12,romero,,,
103,net,,,
2020,olsen,,,
06,com,,,
30,http,,,
104,www,,,
2020,fernandez,,,
04,fisher,,,
11,com,,,
105,Tapia,,,
106,https,,,
2021,www,,,
07,mcneil,,,
09,com,,,
107,ivanhiggins,,,
2021,charles,,,
01,estrada,,,
24,com Powell,,,
108,xcallahan,,,
2020,cantu,,,
03,com Irwin,,,
02,https,,,
109,www,,,
2020,nguyen,,,
06,com,,,
24,https,,,
2020,www,,,
01,cain,,,
03,allen,,,
110,com,,,
111,melvindrake,,,
2020,friedman,,,
07,bradley,,,
05,com Hodge,,,
112,carpentergary,,,
2020,vance,,,
12,weeks,,,
29,com https,,,
2021,www,,,
02,snow,,,
06,org,,,
113,Drake,,,
114,https,,,
2020,www,,,
08,knight,,,
07,net,,,
115,Tran,,,
2021,duartejohnathan,,,
04,pennington,,,
10,com,,,
116,zbrock,,,
2021,blevins,,,
07,payne,,,
23,com Webster,,,
2020,http,,,
08,www,,,
30,rush,,,
117,biz,,,
2020,Mcclure http,,,
05,www,,,
23,levine,,,
118,com,,,
2020,phelpsandres,,,
03,hartman,,,
25,cooper,,,
119,org nataliefarley,,,
2022,richardson,,,
05,com,,,
13,http,,,
120,carrillo,,,
2021,com,,,
06,Wu,,,
28,Bridges daisyblair,,,
121,walsh,,,
2021,holmes,,,
03,org,,,
17,https,,,
122,www,,,
2021,trevino,,,
09,info,,,
29,Washington https,,,
123,www,,,
124,wagner,,,
2020,org,,,
05,thomasnicholas,,,
07,blankenship,,,
2021,ford,,,
09,com https,,,
12,www,,,
125,copeland,,,
126,org,,,
2020,Ayala hburke,,,
10,duke,,,
04,mcmahon,,,
127,com,,,
2020,http,,,
02,moyer,,,
13,com,,,
2021,lonnielittle,,,
12,hoffman,,,
20,meadows,,,
128,com,,,
129,Hooper,,,
2020,qmcdaniel,,,
06,cruz,,,
17,net Robbins,,,
2021,https,,,
10,www,,,
28,acevedo,,,
130,macdonald,,,
2021,net,,,
05,https,,,
25,deleon,,,
131,com,,,
2022,austinvang,,,
01,glenn,,,
15,com,,,
132,Cobb,,,
2020,https,,,
04,www,,,
26,roach,,,
133,com,,,
134,shortfrederick,,,
2022,cobb,,,
01,net Salas,,,
15,http,,,
135,www,,,
2021,blankenship,,,
07,com,,,
15,rosario,,,
136,com Long,,,
2021,Kemp http,,,
11,www,,,
27,terrell,,,
2021,com,,,
09,russell,,,
26,com,,,
137,https,,,
2021,www,,,
12,rodgers,,,
25,biz,,,
138,Horn,,,
2022,garrison,,,
04,com,,,
25,hobbs,,,
139,info https,,,
2021,valdez,,,
11,li,,,
18,org,,,
140,Spears,,,
141,hsantos,,,
2022,lopez,,,
04,info,,,
17,http,,,
2021,whitehead,,,
05,info,,,
18,Ortiz Ortega,,,
142,http,,,
2021,barr,,,
10,salas,,,
29,org,,,
143,robbinsgordon,,,
144,dyer,,,
2021,kim,,,
09,info,,,
19,meghanfernandez,,,
145,patel,,,
2021,todd,,,
04,com,,,
27,http,,,
146,schaefer,,,
2021,com,,,
08,Cantu,,,
01,Pittman,,,
2020,gabrielarobbins,,,
03,hawkins,,,
02,bernard,,,
147,com http,,,
148,www,,,
2020,benson,,,
03,keller,,,
22,com,,,
2021,http,,,
09,www,,,
17,potts,,,
149,conrad,,,
150,com,,,
2021,qlarson,,,
09,berry,,,
08,biz,,,
2021,Cowan hmorgan,,,
01,olson,,,
23,com https,,,
151,ibarra,,,
152,com,,,
2021,Chen,,,
09,charlottemercer,,,
08,hensley,,,
2020,net,,,
06,http,,,
15,watson,,,
153,frye,,,
154,org,,,
2020,Stanley,,,
04,https,,,
30,kirk,,,
155,skinner,,,
2020,com,,,
10,Gallegos escobarisabella,,,
12,harrell,,,
156,santiago,,,
2020,info,,,
10,hart,,,
31,com Pruitt,,,
157,https,,,
2020,www,,,
08,mccormick,,,
27,biz,,,
158,Vaughan,,,
2020,http,,,
03,jefferson,,,
31,com,,,
2020,bonilla,,,
10,com,,,
31,https,,,
159,www,,,
2021,anthony,,,
01,net,,,
31,chavezrandall,,,
160,mckinney,,,
161,stafford,,,
2021,net Bautista,,,
05,gravesgrace,,,
27,molina,,,
2022,org,,,
01,http,,,
13,wise,,,
162,mendez,,,
163,com,,,
2020,Chase,,,
06,Hurley https,,,
24,zimmerman,,,
164,com,,,
2020,hhuerta,,,
09,morris,,,
18,case,,,
2020,info Huang,,,
10,ydavid,,,
19,potter,,,
165,com,,,
166,http,,,
2021,sampson,,,
02,marshall,,,
08,biz,,,
167,http,,,
2021,www,,,
07,atkinson,,,
05,may,,,
168,com,,,
2021,colealexander,,,
07,turner,,,
03,biz Cummings,,,
169,Jackson carpenterkylie,,,
2020,chambers,,,
09,frost,,,
17,com http,,,
2020,henry,,,
08,com,,,
05,Chapman,,,
170,gardner,,,
171,gaines,,,
2021,com,,,
10,https,,,
12,www,,,
172,gutierrez,,,
2021,lloyd,,,
01,com,,,
25,bonillaalex,,,
2021,cervantes,,,
05,org Cortez,,,
18,http,,,
173,www,,,
2021,mayer,,,
03,com,,,
16,Hendrix,,,
174,barr,,,
175,org http,,,
2021,mccarty,,,
12,meza,,,
16,info,,,
176,http,,,
2020,www,,,
05,price,,,
05,com,,,
2021,Buchanan,,,
04,ocole,,,
17,sanders,,,
177,lowery,,,
178,net Moore,,,
2020,spencerbright,,,
10,powell,,,
17,biz https,,,
179,wall,,,
2020,reid,,,
11,com,,,
24,dawncoffey,,,
2021,barker,,,
01,com,,,
17,Tanner https,,,
180,newton,,,
181,esparza,,,
2021,net,,,
04,Sims anthonyzuniga,,,
25,tucker,,,
2020,com http,,,
11,moran,,,
13,com,,,
182,https,,,
2021,allison,,,
11,info,,,
24,Strong,,,
183,carrillokenneth,,,
184,bowman,,,
2020,montoya,,,
03,com,,,
23,floyd,,,
185,hall,,,
2020,com,,,
10,Mullins,,,
19,https,,,
186,bates,,,
2020,christian,,,
06,biz,,,
14,dominguezparker,,,
187,preston,,,
2020,net,,,
09,Rush http,,,
27,hill,,,
188,com,,,
2020,Hurst vernonrush,,,
01,harvey,,,
29,com http,,,
2020,www,,,
12,hurst,,,
30,johnston,,,
189,info,,,
190,Collier,,,
2020,mccarthy,,,
04,com,,,
10,https,,,
191,hendrix,,,
2021,pittman,,,
09,biz,,,
30,joconnor,,,
2020,cooley,,,
04,com Sanchez,,,
10,https,,,
192,jones,,,
193,com,,,
2021,http,,,
03,hurley,,,
10,org,,,
194,Manning,,,
2021,toddmcmahon,,,
04,beard,,,
17,lambert,,,
2020,com,,,
11,http,,,
06,osborne,,,
195,com,,,
2020,veronicablankenship,,,
03,pace,,,
22,com Forbes,,,
196,https,,,
2022,frederick,,,
03,com,,,
17,swarren,,,
197,buck,,,
198,roach,,,
2022,com Ryan,,,
03,garymelton,,,
24,petersen,,,
199,lam,,,
2020,org,,,
12,http,,,
31,www,,,
200,lawrence,,,
2021,biz,,,
09,Short,,,
04,Henry mathisgloria,,,
201,house,,,
2021,hamilton,,,
03,org https,,,
01,silva,,,
2022,com,,,
01,West patrickfelicia,,,
16,goodwin,,,
202,org https,,,
203,henson,,,
2021,net,,,
01,https,,,
10,morse,,,
2020,org,,,
10,Gallagher hortonmiguel,,,
02,mays,,,
204,rivers,,,
2021,org,,,
08,house,,,
22,com Wiley,,,
205,https,,,
2020,valencia,,,
05,com,,,
17,Merritt http,,,
206,carpenter,,,
2020,estes,,,
10,net,,,
21,moneal,,,
207,hudson,,,
208,biz,,,
2021,Mejia,,,
08,beckyshaw,,,
04,bradley,,,
209,booth,,,
2022,com,,,
01,http,,,
13,cortez,,,
2021,cooper,,,
09,com,,,
09,kanthony,,,
210,osborne,,,
2020,com,,,
08,Alvarez https,,,
17,www,,,
211,butler,,,
2021,info,,,
02,alexandraroy,,,
01,juarez,,,
212,kane,,,
2021,com,,,
01,Berger http,,,
28,james,,,
213,org,,,
214,https,,,
2022,www,,,
03,chase,,,
03,info,,,
215,ckhan,,,
2021,underwood,,,
01,net Daniel,,,
15,salazar,,,
216,com Mueller,,,
2020,https,,,
07,www,,,
05,duffy,,,
217,coffey,,,
2020,biz,,,
12,Middleton,,,
05,http,,,
218,parrish,,,
2021,com,,,
05,browning,,,
11,info Fletcher,,,
219,pammorales,,,
2020,james,,,
03,benjamin,,,
01,net,,,
2020,http,,,
05,werner,,,
03,org,,,
220,paulcastaneda,,,
221,burke,,,
2021,com http,,,
12,www,,,
17,archer,,,
2020,com,,,
10,Wong,,,
26,sarahpotts,,,
222,bradford,,,
223,com https,,,
2020,alvarado,,,
09,com,,,
10,Brock wwhite,,,
224,perez,,,
2020,com https,,,
02,www,,,
11,kaufman,,,
225,ho,,,
2022,com,,,
01,Petersen,,,
26,Fuller orice,,,
226,drake,,,
2021,com http,,,
02,tapia,,,
16,davis,,,
227,com,,,
2021,http,,,
03,www,,,
15,drake,,,
228,com,,,
2020,terrell,,,
03,com,,,
27,Klein Richards,,,
2021,https,,,
03,www,,,
30,rojas,,,
229,net,,,
230,watkinsevan,,,
2021,ward,,,
12,biz,,,
29,https,,,
231,hale,,,
2021,montes,,,
07,com,,,
13,lawrence,,,
2020,shaw,,,
10,com,,,
01,Fitzpatrick,,,
232,Gregory,,,
2021,cross,,,
03,com,,,
02,http,,,
233,www,,,
2020,nguyen,,,
10,curry,,,
09,com,,,
234,travisfoley,,,
235,brandt,,,
2022,com,,,
05,https,,,
10,blake,,,
236,net,,,
2022,Mckay hmccarty,,,
03,sharp,,,
23,biz Rhodes,,,
2020,https,,,
12,atkins,,,
18,com,,,
237,Byrd,,,
2020,https,,,
11,www,,,
08,mack,,,
238,biz,,,
239,alisonsanders,,,
2020,durham,,,
04,com,,,
12,Miller http,,,
2020,www,,,
08,cordova,,,
17,com,,,
240,bjordan,,,
2021,small,,,
10,black,,,
18,com,,,
241,https,,,
242,newman,,,
2022,com,,,
05,Marsh damonhowe,,,
03,larsen,,,
2021,org,,,
01,http,,,
26,gray,,,
243,com,,,
244,Paul,,,
2021,wilson,,,
12,biz,,,
09,oneilldamon,,,
2021,spencer,,,
04,com http,,,
29,barr,,,
245,faulkner,,,
246,info,,,
2021,Oconnell,,,
11,Bradshaw,,,
17,https,,,
247,www,,,
2020,walton,,,
03,biz,,,
28,weaverclinton,,,
2020,zamora,,,
05,org,,,
07,Chase https,,,
248,patel,,,
249,com,,,
2021,xtapia,,,
05,hensley,,,
01,info,,,
2021,Crawford,,,
02,fenglish,,,
01,warner,,,
250,net https,,,
